{"cameraMode":{"drawMode":0,"name":"Shaded","section":"Shading Mode"},"sceneLighting":false,"audioPlay":false,"sceneViewState":{"m_AlwaysRefresh":false,"showFog":false,"showSkybox":false,"showFlares":false,"showImageEffects":false,"showParticleSystems":false,"showVisualEffectGraphs":true,"m_FxEnabled":true},"in2DMode":false,"pivot":{"x":-132.65740966796876,"y":39.15617370605469,"z":-42.582237243652347},"rotation":{"x":0.09311742335557938,"y":-0.30096831917762759,"z":0.02945294789969921,"w":0.9487354159355164},"size":100.28605651855469,"orthographic":true}